,country,pm2021
17,Bangladesh,71.80078125
100,India,51.09182608695652
151,Nepal,42.204415584415585
165,Pakistan,34.5549375
147,Myanmar,34.553250000000006
59,Democratic Republic of the Congo,33.83108786610879
39,Cameroon,33.579827586206896
179,Republic of the Congo,32.617916666666666
182,Rwanda,32.372
36,Burundi,32.155037593984964
